n,run_cpu_time_used,time_per_n
 4,0.000112,0.000028
 8,0.000209,0.000026125
16,0.000181,0.0000113125
32,0.000378,0.000012
64,0.001825,0.000029
